matchId,marcador,instante,fuente
primera-rfef-g1-2026-27-j5-mirandes-unionistas,1-0,2026-09-27T14:42:29Z,radio-galega
segunda-rfef-g1-2026-27-j4-eibar-b-compostela,1-0,2026-09-27T14:48:22Z,flashcore
segunda-rfef-g1-2026-27-j4-eibar-b-compostela,1-0,2026-09-27T14:49:56Z,radio-galega
segunda-rfef-g1-2026-27-j4-arosa-alaves-b,0-1,2026-09-27T15:06:00Z,radio-galega
segunda-rfef-g1-2026-27-j4-coruxo-gernika,1-0,2026-09-27T15:13:00Z,radio-galega
segunda-rfef-g1-2026-27-j4-bergantinos-portugalete,0-1,2026-09-27T15:16:00Z,radio-galega
tercera-rfef-g1-2026-27-j4-pontevedra-b-arenteiro,1-0,2026-09-27T15:18:00Z,radio-galega
segunda-rfef-g1-2026-27-j4-bergantinos-portugalete,1-1,2026-09-27T15:34:00Z,radio-galega
segunda-rfef-g1-2026-27-j4-arosa-alaves-b,0-2,2026-09-27T15:39:00Z,radio-galega
segunda-rfef-g1-2026-27-j4-arosa-alaves-b,1-2,2026-09-27T15:43:00Z,radio-galega
segunda-rfef-g1-2026-27-j4-arosa-alaves-b,2-2,2026-09-27T16:16:00Z,radio-galega
segunda-rfef-g1-2026-27-j4-bergantinos-portugalete,2-1,2026-09-27T16:21:00Z,radio-galega
segunda-rfef-g1-2026-27-j4-arosa-alaves-b,2-3,2026-09-27T16:23:00Z,radio-galega
segunda-rfef-g1-2026-27-j4-coruxo-gernika,1-1,2026-09-27T16:26:00Z,radio-galega
segunda-rfef-g1-2026-27-j4-arosa-alaves-b,2-4,2026-09-27T16:26:00Z,radio-galega
segunda-rfef-g1-2026-27-j4-arosa-alaves-b,2-5,2026-09-27T16:27:00Z,radio-galega
tercera-rfef-g1-2026-27-j4-boiro-villalbes,1-0,2026-09-27T16:27:00Z,radio-galega
tercera-rfef-g1-2026-27-j4-celtiga-estradense,1-0,2026-09-27T16:29:00Z,radio-galega
tercera-rfef-g1-2026-27-j4-lalin-barco,1-0,2026-09-27T16:30:00Z,radio-galega
primera-rfef-g1-2026-27-j5-pontevedra-ponferradina,1-0,2026-09-27T16:43:00Z,radio-galega
segunda-rfef-g1-2026-27-j4-bergantinos-portugalete,3-1,2026-09-27T16:44:00Z,radio-galega
tercera-rfef-g1-2026-27-j4-portonovo-silva,2-0,2026-09-27T16:48:00Z,radio-galega
segunda-rfef-g1-2026-27-j4-bergantinos-portugalete,3-2,2026-09-27T16:49:00Z,radio-galega
primera-rfef-g1-2026-27-j5-pontevedra-ponferradina,1-1,2026-09-27T17:29:00Z,radio-galega
